<?xml version="1.0" encoding="UTF-8"?>
<!DOCTYPE mapper
PUBLIC "-//mybatis.org//DTD Mapper 3.0//EN"
"http://mybatis.org/dtd/mybatis-3-mapper.dtd">
<!-- mapper file: 실행 할 쿼리 문을 저장하는 파일. 테이블 하나당 한개씩 작성 namespace: 작업하는 테이블들을 
	구분해주기 위한 식별자 -->
<mapper namespace="QnA">

	<select id="selectqna" resultType="QnA">
		select * from QnA
	</select>

	<select id="selectId" parameterType="Integer"
		resultType="QnA">
		select * from QnA where num = #{id} <!-- 매번 다른 파라메터를 처리해주기 위해 # 으로 표시한다 -->
	</select>
	
	<select id="selectTitle" parameterType="java.lang.String"
		resultType="QnA">
		select * from QnA where title like concat('%', #{title}, '%') <!-- 매번 다른 파라메터를 처리해주기 위해 # 으로 표시한다 -->
	</select>

	<insert id="insertQuestion" parameterType="QnA"> <!-- 값이 여러개 와야할 경우는 vo로 파라메터를 받는다. getter 로 값을 꺼낸다 -->
		insert into QnA values(null, #{title}, #{writer}, sysdate(), #{question}, null)
	</insert>
	<update id="insertAnswer" parameterType="QnA"> <!-- 값이 여러개 와야할 경우는 vo로 파라메터를 받는다. getter 로 값을 꺼낸다 -->
		update QnA set answer = #{answer} where num = #{num}
	</update>

	<update id="updateQuestion" parameterType="QnA">
		update QnA set question = #{question} where num = #{num}
	</update>

	
	<delete id="deleteqna" parameterType="Integer">
		delete from QnA where num = #{num}
	</delete>

	
	
</mapper>



